Number,Replicate,Start Date,1,2,3,4,5,6,7,8,9,10,11,12,13,14,Slope,R^2,,Substrate,Climate,Region,GPS,Tighter

1,a,4/11/2016,0,1.2,2.3,4.1,6.3,8.1,9.8,12.3,14.4,16,18.3,20.7,22.6,24.6,1.685714286,0.995613645,0.5808377131,Plant,Temperate,Unknown,,

1,b,5/4/2016,1.8,4.2,6.2,8.1,11.5,14.6,16.5,,,,,,,,2.507142857,1,,Plant,Temperate,Unknown,,

1,c,5/4/2016,1.8,4.2,6.2,8.1,11.5,14.6,12.6,,,,,,,,2.089285714,0.9378242396,,Plant,Temperate,Unknown,,

2,a,4/18/2016,1.4,3.8,5.6,7.2,9.7,12.1,14.5,16,17.5,19.2,20.7,22.8,23.3,24,2.142857143,0.996087541,0.04293148314,Fruit,Temperate,Unknown,,

2,b,5/4/2016,0.6,2.4,4.5,6.7,8.9,11.2,12.7,,,,,,,,2.082142857,0.9936834062,,Fruit,Temperate,Unknown,,

2,a,11/21/16,2,4,5.9,7.8,9.7,11.5,14.8,,,,,,,,2.042857143,0.9826365035,,Fruit,Temperate,Unknown,,

3,a,4/18/2016,0.9,2.9,8.4,11.1,14.2,17.4,20.5,23.3,25.1,28.5,28.5,28.5,28.5,28.5,3.342857143,0.9772634963,0.4899239841,Plant,Temperate,Unknown,,

3,b,5/4/2016,2,4.5,6.7,9.3,12.5,16.2,17,,,,,,,,2.65,0.9946607246,,Plant,Temperate,Unknown,,

3,c,11/21/16,1.3,2.5,4,5.5,13.5,21.5,23.6,,,,,,,,4.085714286,0.946530158,,Plant,Temperate,Unknown,,

4,a,11/21/16,2.4,4.7,6,7.3,13.7,20,21.1,,,,,,,,3.371428571,0.9677442846,,Unknown,Unknown,Unknown,,

4,b,11/21/16,2.5,4.9,6.6,8.3,12.4,16.5,18.5,,,,,,,,2.75,0.9948881693,,Unknown,Unknown,Unknown,,

4,c,11/21/16,1.8,3.6,4.6,5.6,10.3,15,17.7,,,,,,,,2.721428571,0.9650178448,,Unknown,Unknown,Unknown,,

5,a,5/4/2016,1.3,3.5,5.7,7.9,10.5,14,15.4,,,,,,,,2.432142857,0.9976118336,,Plant,Temperate,Europe,"52.3702157,4.895167899999933",Europe

5,b,5/4/2016,1.3,3.5,5.7,7.9,10.5,14,16.7,,,,,,,,2.571428571,0.995829073,,Plant,Temperate,Europe,"52.3702157,4.895167899999933",Europe

5,c,5/4/2016,1.3,3.5,5.7,7.9,10.5,14,14.4,,,,,,,,2.325,0.9912314106,,Plant,Temperate,Europe,"52.3702157,4.895167899999933",Europe

6,a,5/2/2016,1.2,3.1,5.3,8,9.9,12.1,14.6,,,,,,,,2.242857143,0.9879126389,0.1747563902,Fruit,Temperate,Unknown,,

6,b,5/4/2016,1.6,3.7,6,8.8,11.5,,,,,,,,,,2.49,0.9900259968,,Fruit,Temperate,Unknown,,

6,b,5/4/2016,1.6,3.7,6,8.8,12.5,,,,,,,,,,2.69,0.9943723512,,Fruit,Temperate,Unknown,,

7,a,4/11/2016,3.1,6.7,10.1,15.5,16.1,17.6,18.9,21.2,23.3,25.1,26.3,28.5,28.5,28.5,2.685714286,0.8915658689,0.5927316276,Plant,Temperate,Unknown,,

7,b,5/2/2016,1.3,3.3,6.7,8.7,10.5,12.6,14.1,,,,,,,,2.171428571,0.9697867319,,Plant,Temperate,Unknown,,

7,c,5/4/2016,2.1,4.2,5.6,7.2,8.6,10.7,10.8,,,,,,,,1.503571429,0.9756475272,,Plant,Temperate,Unknown,,

8,a,4/11/2016,1.2,2.9,4.3,6,9.5,11.1,11.1,13.1,13.8,14.2,14.2,14.2,14.2,14.23,1.832142857,0.9753283341,0.1902379462,Unknown,Temperate,Unknown,,

8,b,5/2/2016,2,4,5.4,7,8.2,9.9,11.3,,,,,,,,1.517857143,0.9856137755,,Unknown,Temperate,Unknown,,

8,c,5/4/2016,2.4,3.9,5.8,7.2,9.2,10,11.1,,,,,,,,1.489285714,0.9746212023,,Unknown,Temperate,Unknown,,

9,a,4/18/2016,2.2,4.9,6.8,8.7,9.9,11.2,12.1,13.5,,,,,,,1.621428571,0.9456446147,0.5064423398,Animal,Desert,Arizona,"34.0489281,-111.09373110000001",Arizona

9,b,5/2/2016,0.9,3.7,4.8,5.7,7.1,8.3,10.7,,,,,,,,1.460714286,0.9611937934,,Animal,Desert,Arizona,"34.0489281,-111.09373110000001",Arizona

9,c,5/4/2016,1,4.2,7.4,9.2,11.5,13.8,15.7,,,,,,,,2.407142857,0.9749431501,,Animal,Desert,Arizona,"34.0489281,-111.09373110000001",Arizona

10,a,5/2/2016,1.7,3.8,6.3,8,9.6,10.9,12,,,,,,,,1.728571429,0.9598364939,0.1881204022,Unknown,Subtropical,Florida,,Gainesville

10,c,5/2/2016,1.7,3.8,6.3,8,9.6,10.9,12.3,,,,,,,,1.760714286,0.9644761976,1.489645611,Unknown,Subtropical,Florida,,Gainesville

10,b,5/4/2016,2.3,4.5,5.4,7.3,8,,,,,,,,,,1.42,0.9414308923,,Unknown,Subtropical,Florida,,Gainesville

11,a,11/21/16,1.2,2.4,4.4,6.4,13.5,20.6,24.8,,,,,,,,4.153571429,0.9592148093,,Fruit,Subtropical,Florida,"29.6516344,-82.32482619999996",Gainesville

11,b,11/21/16,1.9,3.7,5.5,7.3,13.1,18.8,21.6,,,,,,,,3.460714286,0.9768286134,,Fruit,Subtropical,Florida,"29.6516344,-82.32482619999996",Gainesville

11,c,11/21/16,2,4,5.2,6.4,13.3,20.1,27,,,,,,,,4.117857143,0.9309914323,,Fruit,Subtropical,Florida,"29.6516344,-82.32482619999996",Gainesville

12,a,4/13/2016,1.1,4.3,7.8,9.8,11.4,13.6,13.6,13.7,14.8,16.4,18.9,22.2,,,2.132142857,0.9228670934,0.1518732241,Unknown,Subtropical,Unknown,,

12,a,4/13/2016,1.1,4.3,7.8,9.8,11.4,13..1,13.6,13.7,14.8,16.4,18.9,22.2,,,2.078571429,0.9037333111,0.1641497885,Unknown,Subtropical,Unknown,,

12,c,5/4/2016,2.7,5.1,6.4,8.1,9.4,13.4,13.4,,,,,,,,1.846428571,0.9787731769,0.8232743238,Unknown,Subtropical,Unknown,,

13,a,4/13/2016,3.2,5.1,6.3,6.7,6.7,7.7,7.7,7.7,8.1,8.3,8.3,8.3,8.3,8.3,0.6821428571,0.8199341346,0.8838834765,Fruit,Subtropical,Florida,"29.6516344,-82.32482619999996",Gainesville

13,b,5/2/2016,1.1,3.7,6.1,9.4,10.2,11.3,12.7,,,,,,,,1.932142857,0.9215424551,0.9091372901,Fruit,Subtropical,Florida,"29.6516344,-82.32482619999996",Gainesville

13,c,5/4/2016,1.5,4.7,5.1,5.3,5.4,6.1,6.5,,,,,,,,0.6464285714,0.6959144342,1.05409418,Fruit,Subtropical,Florida,"29.6516344,-82.32482619999996",Gainesville

14,a,4/13/2016,2.2,3.9,8.4,10,10.8,12.7,,,,,,,,,2.137142857,0.8946943788,0.1323299833,Animal,Desert,Southern California,"34.1922309,-116.71891119999998",IE

14,b,5/4/2016,1.1,3.6,4.8,5.2,5.8,11.5,13.7,,,,,,,,1.95,0.9114280536,0.1010152545,Animal,Desert,Southern California,"34.1922309,-116.71891119999998",IE

14,a,5/2/2016,2.4,5.2,7,8,9.4,11.3,14.4,,,,,,,,1.807142857,0.9647929405,0.2463212327,Animal,Desert,Southern California,"34.1922309,-116.71891119999998",IE

15,a,5/4/2016,0.7,3.4,4.2,5.4,7.2,,,,,,,,,,1.5,0.9666821516,0.1331665624,Unknown,Unknown,Unknown,,

15,b,5/4/2016,0.7,3.4,4.2,5.4,6.3,,,,,,,,,,1.32,0.9176049258,0.1430338193,Unknown,Unknown,Unknown,,

15,c,5/4/2016,0.7,3.4,4.2,5.4,5.9,,,,,,,,,,1.24,0.8795456313,0.8179076716,Unknown,Unknown,Unknown,,

16,a,4/13/2016,3.5,6.2,7.8,10,12.2,12.2,12.2,12.3,12.3,12.3,12.3,12.3,12.3,12.3,1.517857143,0.8816980719,0.8889342392,Unknown,Subtropical,Florida,"29.6516344,-82.32482619999996",Gainesville

16,b,5/2/2016,1,3.2,6,9,10.7,14.2,18,,,,,,,,2.775,0.9827103931,0.9793428919,Unknown,Subtropical,Florida,"29.6516344,-82.32482619999996",Gainesville

16,c,5/4/2016,3.6,7.9,8.6,9.2,9.9,,,,,,,,,,1.39,0.7579721062,0.03485026279,Unknown,Subtropical,Florida,"29.6516344,-82.32482619999996",Gainesville

17,a,5/2/2016,1.2,4.1,5.1,5.9,7.1,8.7,10.9,,,,,,,,1.439285714,0.9596102633,0.1010152545,Soil,Subtropical,Florida,"29.6516344,-82.32482619999996",Gainesville

17,b,5/4/2016,1,4.1,5.4,6.3,7,9,9.3,,,,,,,,1.296428571,0.9260397385,0.3816140088,Soil,Subtropical,Florida,"29.6516344,-82.32482619999996",Gainesville

17,c,5/4/2016,1,4.1,5.4,6.3,7,8.7,9.3,,,,,,,,1.275,0.9236216795,0.4747716959,Soil,Subtropical,Florida,"29.6516344,-82.32482619999996",Gainesville

18,a,5/2/2016,2,4.6,7,8.7,11.2,12.2,13.7,,,,,,,,1.946428571,0.9676421904,0.181827458,Fruit,Subtropical,Florida,"29.6516344,-82.32482619999996",Gainesville

18,b,5/4/2016,2,4.4,6.9,8.5,10,11.5,12,,,,,,,,1.689285714,0.9454688876,0.1995728553,Fruit,Subtropical,Florida,"29.6516344,-82.32482619999996",Gainesville

18,c,5/2/2016,2,4.6,7,8.7,11.2,13.1,13.7,,,,,,,,2.010714286,0.9741646476,0.2186198592,Fruit,Subtropical,Florida,"29.6516344,-82.32482619999996",Gainesville

20,a,5/4/2016,1.9,4,5.4,7.1,8.5,11.4,11.5,,,,,,,,1.667857143,0.9835659502,0.01148053662,Fruit,Desert,Southern California,"33.9557962,-117.3322632",IE

20,b,5/4/2016,1.9,4,5.4,7.1,8.5,11,11.8,,,,,,,,1.671428571,0.9905574148,0.2012397798,Fruit,Desert,Southern California,"33.9557962,-117.3322632",IE

20,c,5/4/2016,1.9,4,5.4,7.1,8.5,10.5,12.3,,,,,,,,1.689285714,0.9902792683,0.2348830944,Fruit,Desert,Southern California,"33.9557962,-117.3322632",IE

21,a,5/2/2016,1.7,3.2,4.6,5.7,7.1,8.6,9.7,,,,,,,,1.332142857,0.9931710205,0.3131472888,Plant,Tropical,Southeast Asia,"15.870032,100.99254100000007",Southeast Asia

21,b,5/4/2016,2,4.1,6.4,8.5,10,11.7,12.3,,,,,,,,1.775,0.961034261,0.7661886635,Plant,Tropical,Southeast Asia,"15.870032,100.99254100000007",Southeast Asia

21,c,5/4/2016,2,4.1,6.4,8.5,10,12.3,12.7,,,,,,,,1.860714286,0.9704048281,0.6867954027,Plant,Tropical,Southeast Asia,"15.870032,100.99254100000007",Southeast Asia

22,a,5/4/2016,1.9,4.5,6.7,9.1,11.9,18.6,20.1,,,,,,,,3.142857143,0.9842749208,0.296349674,Fruit,Tropical,Southeast Asia,"-7.614529200000001,110.71224649999999",Southeast Asia

22,b,5/4/2016,1.9,4.5,6.7,9.1,11.9,16.2,19.7,,,,,,,,2.928571429,0.9911001998,0.2553633865,Fruit,Tropical,Southeast Asia,"-7.614529200000001,110.71224649999999",Southeast Asia

22,c,5/4/2016,1.9,4.5,6.7,9.1,11.9,14.6,17.3,,,,,,,,2.557142857,0.995966419,0.2966113894,Fruit,Tropical,Southeast Asia,"-7.614529200000001,110.71224649999999",Southeast Asia

24,a,5/2/2016,2.1,5.7,7.1,9.5,12.7,17.1,19,,,,,,,,2.825,0.9957019891,0.2384376789,Soil,Temperate,Europe,"51.919438,19.14513599999998",Europe

24,b,5/2/2016,2.1,5.7,7.1,9.5,12.7,18.3,20.2,,,,,,,,3.039285714,0.9904724462,0.2872188806,Soil,Temperate,Europe,"51.919438,19.14513599999998",Europe

24,c,5/2/2016,2.1,5.7,7.1,9.5,12.7,16.1,17.3,,,,,,,,2.571428571,0.994229025,0.1442211666,Soil,Temperate,Europe,"51.919438,19.14513599999998",Europe

25,a,5/2/2016,3.1,6.1,8,10.3,14.1,16.4,18.5,,,,,,,,2.603571429,0.9961485514,0.1767766953,Unknown,Antartic,Antartica,"-75.250973,-0.07138899999995374",Antartica

25,b,5/4/2016,2.5,5.4,8.5,12.6,16.5,14.4,15.8,,,,,,,,2.353571429,0.8399707671,0.1254752869,Unknown,Antartic,Antartica,"-75.250973,-0.07138899999995374",Antartica

25,c,5/2/2016,3.1,6.1,8,10.3,14.1,17,17.3,,,,,,,,2.517857143,0.9867710256,0.1742513139,Unknown,Antartic,Antartica,"-75.250973,-0.07138899999995374",Antartica

26,a,5/2/2016,1.8,3.9,5.4,7.7,10.3,12.1,15.9,,,,,,,,2.271428571,0.9836149259,0.1717259326,Soil,Tropical,Southeast Asia,"13.9576861,124.32826030000001",Southeast Asia

26,b,5/4/2016,0.4,3.7,6.8,8.1,11.7,11.2,12.7,,,,,,,,2.028571429,0.9083254079,0.3415214558,Soil,Tropical,Southeast Asia,"13.9576861,124.32826030000001",Southeast Asia

26,c,5/4/2016,0.4,3.7,6.8,8.1,11.7,11.7,13.6,,,,,,,,2.160714286,0.9370927908,0.4570940264,Soil,Tropical,Southeast Asia,"13.9576861,124.32826030000001",Southeast Asia

27,a,5/2/2016,2.1,3.9,5.1,6.9,8.2,9.6,11.4,,,,,,,,1.514285714,0.9864576508,0.4596194078,Soil,Desert,Middle East,"31.41871419999999,73.07910730000003",Middle East

27,b,5/4/2016,1,3.5,5.2,7.7,9,12.4,14,,,,,,,,2.164285714,0.988781793,0.219925776,Soil,Desert,Middle East,"31.41871419999999,73.07910730000003",Middle East

27,c,5/4/2016,1,3.5,5.2,7.7,9,12.4,15.2,,,,,,,,2.292857143,0.9846728116,0.2159557935,Soil,Desert,Middle East,"31.41871419999999,73.07910730000003",Middle East

28,a,5/2/2016,2.4,5.2,7.1,8.2,9.7,11.4,14.8,,,,,,,,1.864285714,0.9626819189,0.1843528394,Plant,Temperate,Quebec,"52.9399159,-73.5491361",Quebec

28,b,5/4/2016,1,3.1,6.4,7.7,10,12.9,13.1,,,,,,,,2.125,0.97291139,1.246745764,Plant,Temperate,Quebec,"52.9399159,-73.5491361",Quebec

28,c,5/4/2016,1,3.1,6.4,7.7,10,12.9,13.6,,,,,,,,2.178571429,0.9802188383,1.091457632,Plant,Temperate,Quebec,"52.9399159,-73.5491361",Quebec

29,a,11/21/16,2.1,4.1,5.1,6.1,14.3,22.5,27,,,,,,,,4.310714286,0.9354728946,,Fruit,Subtropical,Florida,"27.7611194,-82.2276653",Balm

29,b,11/21/16,1.1,2.1,5.2,8.3,13.2,18,21.9,,,,,,,,3.65,0.9864742313,,Fruit,Subtropical,Florida,"27.7611194,-82.2276653",Balm

29,c,11/21/16,2.4,4.8,6.3,7.8,15.8,23.7,27,,,,,,,,4.325,0.9592400347,,Fruit,Subtropical,Florida,"27.7611194,-82.2276653",Balm

30,a,11/21/16,1.7,3.3,5,6.7,15.5,24.2,27,,,,,,,,4.578571429,0.9510710305,,Fruit,Subtropical,Florida,"27.7611194,-82.2276654",Balm

30,b,11/21/16,0.6,1.2,2.3,3.4,9.7,16,18.9,,,,,,,,3.282142857,0.9344638353,,Fruit,Subtropical,Florida,"27.7611194,-82.2276654",Balm

30,c,11/21/16,2.1,4.2,5.9,7.6,16.2,24.7,27,,,,,,,,4.5,0.9581240937,,Fruit,Subtropical,Florida,"27.7611194,-82.2276654",Balm

31,a,11/21/16,1.8,3.6,4.8,6,8.6,11.2,11.7,,,,,,,,1.739285714,0.9952948914,,Fruit,Subtropical,Florida,"27.7611194,-82.2276655",Balm

31,b,11/21/16,2,4,5.7,7.4,14.2,21,23.2,,,,,,,,3.789285714,0.9696331195,,Fruit,Subtropical,Florida,"27.7611194,-82.2276655",Balm

31,c,11/21/16,1.8,3.5,4.4,5.3,8.7,12.1,13.1,,,,,,,,1.978571429,0.9825897209,,Fruit,Subtropical,Florida,"27.7611194,-82.2276655",Balm

32,a,5/2/2016,2.1,5.6,8,10.1,12.1,13.1,14.1,,,,,,,,1.967857143,0.9321308226,0.05555838995,Fruit,Subtropical,Florida,"27.7611194,-82.2276656",Balm

32,b,5/4/2016,2.5,4.7,5.7,7.8,8.7,12.8,15.2,,,,,,,,2.046428571,0.9711375781,0.5128742204,Fruit,Subtropical,Florida,"27.7611194,-82.2276656",Balm

32,c,5/4/2016,2.5,4.7,5.7,7.8,8.7,15.8,18.3,,,,,,,,2.592857143,0.935707122,0.2394278185,Fruit,Subtropical,Florida,"27.7611194,-82.2276656",Balm

33,a,11/21/16,1.6,3.2,5,6.8,11.7,16.6,19.1,,,,,,,,3.071428571,0.9824026436,,Fruit,Subtropical,Florida,"27.7611194,-82.2276657",Balm

33,b,11/21/16,2,4,5.3,6.6,11.2,15.7,18.8,,,,,,,,2.846428571,0.9756174144,,Fruit,Subtropical,Florida,"27.7611194,-82.2276657",Balm

33,c,11/21/16,2,3.9,5.2,6.5,12.9,19.3,21.9,,,,,,,,3.507142857,0.9613730289,,Fruit,Subtropical,Florida,"27.7611194,-82.2276657",Balm

34,a,11/21/16,1.5,2.9,4.1,5.3,5.4,5.5,6.5,,,,,,,,0.7678571429,0.8565856355,,Fruit,Subtropical,Florida,"27.7611194,-82.2276658",Balm

34,b,11/21/16,1.5,3,4.8,6.6,6.5,6.3,7.2,,,,,,,,0.9071428571,0.7740011585,,Fruit,Subtropical,Florida,"27.7611194,-82.2276658",Balm

34,c,11/21/16,1.4,2.7,4.3,5.9,6.9,7.9,8.7,,,,,,,,1.246428571,0.9642321978,,Fruit,Subtropical,Florida,"27.7611194,-82.2276658",Balm

35,a,11/21/16,1.9,3.8,5.9,8,12.3,16.6,20.2,,,,,,,,3.103571429,0.9881382536,,Fruit,Subtropical,Florida,"27.7611194,-82.2276659",Balm

35,b,11/21/16,2,4,5.5,7,13.8,20.5,23.2,,,,,,,,3.746428571,0.9648885371,,Fruit,Subtropical,Florida,"27.7611194,-82.2276659",Balm

35,c,11/21/16,3.1,6.1,8.7,11.3,17.8,24.3,27,,,,,,,,4.185714286,0.9914889477,,Fruit,Subtropical,Florida,"27.7611194,-82.2276659",Balm

36,a,11/21/16,1.6,3.2,5.2,7.2,8.8,10.4,12.3,,,,,,,,1.789285714,0.985529849,,Fruit,Subtropical,Florida,"27.7611194,-82.2276660",Balm

36,b,11/21/16,2,4,5.5,7,8.3,9.6,10.4,,,,,,,,1.4,0.9718973006,,Fruit,Subtropical,Florida,"27.7611194,-82.2276660",Balm

36,c,11/21/16,1.3,2.5,4.8,7.1,9.5,11.9,15.1,,,,,,,,2.317857143,0.9877713793,,Fruit,Subtropical,Florida,"27.7611194,-82.2276660",Balm

39,a,5/3/2016,2.4,4.9,6.7,8.6,11.4,14.1,17.4,,,,,,,,2.432142857,0.9924361237,0.2929442379,Fruit,Subtropical,Florida,"27.7611194,-82.2276663",Balm

39,b,5/4/2016,3.5,5.5,6.1,7.4,8.5,18.5,20.6,,,,,,,,2.846428571,0.8732427314,0.391434111,Fruit,Subtropical,Florida,"27.7611194,-82.2276663",Balm

39,c,5/4/2016,3.5,5.5,6.1,7.4,8.5,14.2,18.3,,,,,,,,2.292857143,0.9021927241,0.6502543514,Fruit,Subtropical,Florida,"27.7611194,-82.2276663",Balm

42,a,10/3/16,1.3,2.7,3.4,4.2,5.0,5.1,5.5,,,,,,,,0.6785714286,0.9087895853,,Fruit,Desert,Southern California,"34.0555693,-117.18253809999999",IE

42,b,10/3/16,0.7,1.4,1.9,2.4,3.0,3.2,3.6,,,,,,,,0.4785714286,0.9639317694,,Fruit,Desert,Southern California,"34.0555693,-117.18253809999999",IE

43,a,10/3/16,1.3,2.6,2.8,3.0,3.2,3.2,3.4,,,,,,,,0.2821428571,0.699300845,,Fruit,Temperate,Northern California,"37.35410789999999,-121.95523559999998",Monterrey

43,c,10/3/16,0.5,1.0,1.2,1.4,1.7,1.8,2.1,,,,,,,,0.2464285714,0.9536208433,,Fruit,Temperate,Northern California,"37.35410789999999,-121.95523559999998",Monterrey

44,a,10/3/16,3.4,6.9,7.4,8.0,8.6,9.3,10.8,,,,,,,,1.007142857,0.8524322303,,Fruit,Temperate,Northern California,"36.838309,-121.7962",Monterrey

44,b,10/3/16,3.0,6.0,6.7,7.4,8.2,8.4,8.9,,,,,,,,0.8571428571,0.8141645573,,Fruit,Temperate,Northern California,"36.838309,-121.7962",Monterrey

44,c,10/3/16,2.5,5.1,5.8,6.5,7.3,7.6,8.4,,,,,,,,0.8642857143,0.8723182161,,Fruit,Temperate,Northern California,"36.838309,-121.7962",Monterrey

45,a,10/3/16,1.5,3.0,3.1,3.2,3.4,3.6,4.0,,,,,,,,0.3214285714,0.7459073393,,Fruit,Temperate,Northern California,"36.878370,-121.7931",Monterrey

45,b,10/3/16,1.3,2.7,4.0,5.3,6.7,6.9,7.5,,,,,,,,1.060714286,0.9380306643,,Fruit,Temperate,Northern California,"36.878370,-121.7931",Monterrey

45,c,10/3/16,2.7,5.5,6.3,7.1,8.0,8.1,8.5,,,,,,,,0.8678571429,0.8228982335,,Fruit,Temperate,Northern California,"36.878370,-121.7931",Monterrey

47,a,10/3/16,1.1,2.3,2.5,2.8,3.1,3.4,4.1,,,,,,,,0.4214285714,0.9055959476,,Fruit,Temperate,Northern California,"36.727454,-121.6851",Monterrey

47,b,10/3/16,1.0,2.1,2.4,2.7,3.1,3.3,3.9,,,,,,,,0.4214285714,0.9179819578,,Fruit,Temperate,Northern California,"36.727454,-121.6851",Monterrey

47,c,10/3/16,1.1,2.2,2.6,3.0,3.4,3.6,4.0,,,,,,,,0.4392857143,0.9099539289,,Fruit,Temperate,Northern California,"36.727454,-121.6851",Monterrey

49,a,10/3/16,3.2,6.5,7.1,7.8,8.5,8.7,9.2,,,,,,,,0.85,0.7810973697,,Fruit,Temperate,Northern California,"36.844183, -121.745018",Monterrey

49,b,10/3/16,2.8,5.6,6.8,8.1,9.4,10.2,12.0,,,,,,,,1.407142857,0.9525605019,,Fruit,Temperate,Northern California,"36.844183, -121.745018",Monterrey

49,c,10/3/16,2.9,5.9,7.1,8.3,9.5,9.6,10.0,,,,,,,,1.110714286,0.8489027238,,Fruit,Temperate,Northern California,"36.844183, -121.745018",Monterrey

50,a,10/3/16,2.7,5.4,7.1,8.8,10.5,11.1,12.5,,,,,,,,1.578571429,0.9473552735,,Fruit,Temperate,Northern California,"36.681090,-121.561483",Monterrey

50,b,10/3/16,2.7,5.5,6.2,6.9,7.6,9.3,12.7,,,,,,,,1.392857143,0.9108278254,,Fruit,Temperate,Northern California,"36.681090,-121.561483",Monterrey

50,c,10/3/16,2.5,5.0,6.3,7.7,9.1,10.4,13.2,,,,,,,,1.632142857,0.9701187134,,Fruit,Temperate,Northern California,"36.681090,-121.561483",Monterrey

51,a,10/3/16,1.8,3.7,4.3,5.0,5.7,6.2,7.2,,,,,,,,0.8071428571,0.9360809463,,Fruit,Temperate,Northern California,"36.828106,-121.781894",Monterrey

51,b,10/3/16,2.1,4.3,5.2,6.1,7.0,7.5,8.7,,,,,,,,1,0.9358336946,,Fruit,Temperate,Northern California,"36.828106,-121.781894",Monterrey

51,c,10/3/16,4.5,9.1,9.8,10.5,11.2,12.3,14.5,,,,,,,,1.35,0.8558530224,,Fruit,Temperate,Northern California,"36.828106,-121.781894",Monterrey

52,a,9/30/16,3.7,7.4,9.3,11.2,13.1,13.5,14.4,,,,,,,,1.717857143,0.9022943304,,Fruit,Temperate,Northern California,"36.736882,-121.661620",Monterrey

52,b,9/30/16,2.2,4.5,5.5,6.6,7.7,9.2,12.4,,,,,,,,1.507142857,0.9528049676,,Fruit,Temperate,Northern California,"36.736882,-121.661620",Monterrey

52,c,9/30/16,2.7,5.4,6.2,7.0,7.9,9.0,11.4,,,,,,,,1.25,0.938728025,,Fruit,Temperate,Northern California,"36.736882,-121.661620",Monterrey

53,a,9/30/16,4.3,8.7,11.8,14.9,18.1,19.6,22.6,,,,,,,,2.964285714,0.96642214,,Fruit,Temperate,Northern California,"36.609264,-121.536049",Monterrey

53,b,9/30/16,4.9,9.9,11.3,12.8,14.3,15.0,16.6,,,,,,,,1.725,0.8816759813,,Fruit,Temperate,Northern California,"36.609264,-121.536049",Monterrey

53,c,9/30/16,5.1,10.3,12.9,15.5,18.1,19.5,22.4,,,,,,,,2.696428571,0.9495281311,,Fruit,Temperate,Northern California,"36.609264,-121.536049",Monterrey

54,a,9/30/16,4.5,9.0,11.5,14.0,16.6,18.7,23.0,,,,,,,,2.857142857,0.9721558826,,Fruit,Temperate,Northern California,"36.861135,-121768080",Monterrey

54,b,9/30/16,4.2,8.5,10.2,12.0,13.8,14.2,15.2,,,,,,,,1.714285714,0.886248145,,Fruit,Temperate,Northern California,"36.861135,-121768080",Monterrey

54,c,9/30/16,3.7,7.5,10.7,13.9,17.2,18.6,21.5,,,,,,,,2.932142857,0.9695838089,,Fruit,Temperate,Northern California,"36.861135,-121768080",Monterrey

55,a,9/30/16,5.3,10.6,13.5,16.5,19.5,21.8,26.5,,,,,,,,3.285714286,0.9708380385,,Fruit,Temperate,Northern California,"36.8437726,-121.743028",Monterrey

55,b,9/30/16,5.8,11.7,14.5,17.3,20.1,22.4,27.1,,,,,,,,3.246428571,0.9623606905,,Fruit,Temperate,Northern California,"36.8437726,-121.743028",Monterrey

55,c,9/30/16,4.4,8.9,12.3,15.8,19.3,20.6,23.4,,,,,,,,3.121428571,0.9600444605,,Fruit,Temperate,Northern California,"36.8437726,-121.743028",Monterrey

56,a,9/30/16,4.0,8.0,9.6,11.3,13.0,14.0,16.1,,,,,,,,1.846428571,0.94083288,,Fruit,Temperate,Northern California,"36.829340,-121.781894",Monterrey

56,b,9/30/16,4.4,8.9,12.0,15.1,18.3,20.1,23.8,,,,,,,,3.103571429,0.9727717329,,Fruit,Temperate,Northern California,"36.829340,-121.781894",Monterrey

56,c,9/30/16,4.0,8.0,11.8,15.6,19.5,21.4,25.4,,,,,,,,3.525,0.9775292764,,Fruit,Temperate,Northern California,"36.829340,-121.781894",Monterrey

57,a,9/30/16,5.2,10.5,11.7,13.0,14.3,15.1,16.9,,,,,,,,1.675,0.8674149961,,Fruit,Temperate,Northern California,"36.741496,-1216685668",Monterrey

57,b,9/30/16,3.6,7.3,8.6,9.9,11.2,11.9,13.4,,,,,,,,1.471428571,0.9126718914,,Fruit,Temperate,Northern California,"36.741496,-1216685668",Monterrey

57,c,9/30/16,3.2,6.5,8.0,9.5,11.1,12.1,14.2,,,,,,,,1.689285714,0.9550106354,,Fruit,Temperate,Northern California,"36.741496,-1216685668",Monterrey

58,a,9/30/16,4.2,8.5,9.8,11.2,12.6,13.1,14.3,,,,,,,,1.510714286,0.877738237,,Fruit,Temperate,Northern California,"36.626480,-121.544664",Monterrey

58,b,9/30/16,3.5,7.1,8.7,10.4,12.1,12.6,13.8,,,,,,,,1.617857143,0.9152314113,,Fruit,Temperate,Northern California,"36.626480,-121.544664",Monterrey

58,c,9/30/16,3.9,7.9,9.1,10.3,11.6,12.2,13.4,,,,,,,,1.414285714,0.8867506364,,Fruit,Temperate,Northern California,"36.626480,-121.544664",Monterrey

59,a,9/30/16,4.5,9.1,13.0,17.0,21.0,22.7,26.2,,,,,,,,3.582142857,0.9690663111,,Fruit,Temperate,Northern California,"36.653824,-121.585261",Monterrey

59,b,9/30/16,5.5,11.0,14.8,18.7,22.6,24.7,29.0,,,,,,,,3.775,0.9708706663,,Fruit,Temperate,Northern California,"36.653824,-121.585261",Monterrey

59,c,9/30/16,5.1,10.2,14.5,18.8,23.1,25.0,29.0,,,,,,,,3.925,0.9693111015,,Fruit,Temperate,Northern California,"36.653824,-121.585261",Monterrey

60,a,9/30/16,4.8,9.7,11.2,12.8,14.4,15.6,18.2,,,,,,,,1.971428571,0.9251803051,,Fruit,Temperate,Northern California,"36.653824,-121.585262",Monterrey

60,b,9/30/16,5.7,11.5,14.6,17.8,21.0,23.6,29.0,,,,,,,,3.589285714,0.9703209057,,Fruit,Temperate,Northern California,"36.653824,-121.585262",Monterrey

60,c,9/30/16,4.5,9.0,12.1,15.3,18.5,20.2,23.7,,,,,,,,3.085714286,0.9706950868,,Fruit,Temperate,Northern California,"36.653824,-121.585262",Monterrey

61,a,9/30/16,2.2,4.5,5.8,7.1,8.4,8.9,10.1,,,,,,,,1.253571429,0.9450577328,,Fruit,Temperate,Northern California,"3611456,-121.536925",Monterrey

61,b,9/30/16,2.3,4.7,5.2,5.8,6.4,6.7,7.3,,,,,,,,0.7214285714,0.8488640697,,Fruit,Temperate,Northern California,"3611456,-121.536925",Monterrey

62,a,9/28,3.4,6.8,12.3,17.8,23.4,25.2,29.0,,,,,,,,4.453571429,0.9685660988,,Fruit,Temperate,Northern California,"36.688662,-121.581620",Monterrey

62,b,9/28,2.1,4.3,6.2,8.1,10.1,16.4,29.0,,,,,,,,3.885714286,0.838502425,,Fruit,Temperate,Northern California,"36.688662,-121.581620",Monterrey

62,c,9/28,2.6,5.2,9.2,13.2,17.3,21.2,29.0,,,,,,,,4.260714286,0.9749963926,,Fruit,Temperate,Northern California,"36.688662,-121.581620",Monterrey

63,a,9/28,2.7,5.4,9.9,14.5,19.1,22.4,29.0,,,,,,,,4.360714286,0.9837118246,,Fruit,Temperate,Northern California,"36.688662,-121.581620",Monterrey

63,b,9/28,3.5,7.1,9.0,10.9,12.8,15.0,19.4,,,,,,,,2.403571429,0.9667980499,,Fruit,Temperate,Northern California,"36.688662,-121.581620",Monterrey

63,c,9/28,2.9,5.8,9.4,13.0,16.6,20.7,29.0,,,,,,,,4.117857143,0.9662549315,,Fruit,Temperate,Northern California,"36.688662,-121.581620",Monterrey

64,a,9/28,2.3,4.6,7.6,10.6,13.6,15.8,20.4,,,,,,,,2.953571429,0.9831823901,,Fruit,Temperate,Northern California,"36.681090,-121.561483",Monterrey

64,b,9/28,2.3,4.6,7.3,10.0,12.8,13.8,16.0,,,,,,,,2.321428571,0.9716249991,,Fruit,Temperate,Northern California,"36.681090,-121.561483",Monterrey

64,c,9/28,1.9,3.8,6.1,8.4,10.7,13.1,17.9,,,,,,,,2.542857143,0.9731414619,,Fruit,Temperate,Northern California,"36.681090,-121.561483",Monterrey

65,a,9/28,2.6,5.3,7.1,8.9,10.7,11.9,14.3,,,,,,,,1.853571429,0.9743275591,,Fruit,Temperate,Northern California,"36.894974,-121777754",Monterrey

65,b,9/28,3.5,7.0,8.9,10.9,12.9,14.3,17.3,,,,,,,,2.142857143,0.969480845,,Fruit,Temperate,Northern California,"36.894974,-121777754",Monterrey

65,c,9/28,2.5,5.0,5.9,6.8,7.8,9.2,12.0,,,,,,,,1.385714286,0.9492287898,,Fruit,Temperate,Northern California,"36.894974,-121777754",Monterrey

66,a,9/28,2.7,5.4,7.3,9.2,11.1,11.8,13.2,,,,,,,,1.717857143,0.9521482202,,Fruit,Temperate,Northern California,"36.895053,-121776544",Monterrey

66,b,9/28,3.0,6.0,8.6,11.2,13.9,14.5,15.8,,,,,,,,2.167857143,0.9427993902,,Fruit,Temperate,Northern California,"36.895053,-121776544",Monterrey

66,c,9/28,2.7,5.5,6.3,7.1,7.9,8.2,9.0,,,,,,,,0.925,0.8628189696,,Fruit,Temperate,Northern California,"36.895053,-121776544",Monterrey

67,a,9/28,1.2,2.4,3.5,4.6,5.7,6.3,7.5,,,,,,,,1.032142857,0.9782827158,,Fruit,Temperate,Northern California,"36.681090,-121.561483",Monterrey

67,c,9/28,1.8,3.7,4.7,5.7,6.7,7.2,8.4,,,,,,,,1.028571429,0.9527853037,,Fruit,Temperate,Northern California,"36.681090,-121.561483",Monterrey

68,a,9/28,3.3,6.6,9.7,12.9,16.1,19.5,26.3,,,,,,,,3.614285714,0.9736978532,,Fruit,Temperate,Northern California,"36.11456,-121.536925",Monterrey

68,b,9/28,3.0,6.1,8.2,10.3,12.4,15.9,23.0,,,,,,,,2.992857143,0.9403048618,,Fruit,Temperate,Northern California,"36.11456,-121.536925",Monterrey

69,b,9/28,3.8,7.6,8.8,10.0,11.2,11.8,13.1,,,,,,,,1.382142857,0.8923681684,,Fruit,Temperate,Northern California,"36.635546,-121.556993",Monterrey

69,c,9/28,2.4,4.9,7.3,9.8,12.3,13.9,17.1,,,,,,,,2.396428571,0.9837242141,,Fruit,Temperate,Northern California,"36.635546,-121.556993",Monterrey

70,a,9/28,4.0,8.0,9.9,11.8,13.7,14.9,17.4,,,,,,,,2.064285714,0.953253182,,Fruit,Temperate,Northern California,"36.892636,-121.741109",Monterrey

70,b,9/28,3.2,6.5,7.5,8.5,9.6,10.5,12.5,,,,,,,,1.357142857,0.9305097644,,Fruit,Temperate,Northern California,"36.892636,-121.741109",Monterrey

70,c,9/28,4.0,8.0,9.2,10.5,11.8,12.5,13.9,,,,,,,,1.475,0.9001707409,,Fruit,Temperate,Northern California,"36.892636,-121.741109",Monterrey

71,a,9/28,1.9,3.9,7.0,10.2,13.4,14.9,18.0,,,,,,,,2.739285714,0.9806686878,,Fruit,Temperate,Northern California,"36.861135,-121768080",Monterrey

71,b,9/28,3.2,6.5,7.9,9.4,10.9,12.1,14.5,,,,,,,,1.717857143,0.9595038303,,Fruit,Temperate,Northern California,"36.861135,-121768080",Monterrey

71,c,9/28,1.8,3.6,5.5,7.5,9.5,11.1,14.3,,,,,,,,2.017857143,0.9835712628,,Fruit,Temperate,Northern California,"36.861135,-121768080",Monterrey

72,a,9/28,2.7,5.5,7.4,9.3,11.3,11.9,13.2,,,,,,,,1.721428571,0.9466593286,,Fruit,Temperate,Northern California,"36.646695,-121.578872",Monterrey

72,b,9/28,4.7,9.4,10.2,11.0,11.9,13.5,16.8,,,,,,,,1.65,0.8928567914,,Fruit,Temperate,Northern California,"36.646695,-121.578872",Monterrey

72,c,9/28,2.7,5.5,7.1,8.7,10.3,10.8,11.9,,,,,,,,1.478571429,0.9322154086,,Fruit,Temperate,Northern California,"36.646695,-121.578872",Monterrey

73,a,9/28,2.3,4.6,6.6,8.6,10.7,12.1,15.0,,,,,,,,2.042857143,0.9828646452,,Fruit,Temperate,Northern California,"36.743330,-121.736454",Monterrey

73,b,9/28,3.1,6.2,8.0,9.8,11.6,13.0,15.9,,,,,,,,1.985714286,0.9716659316,,Fruit,Temperate,Northern California,"36.743330,-121.736454",Monterrey

73,c,9/28,2.2,4.5,6.3,8.1,10.0,11.2,13.6,,,,,,,,1.832142857,0.9808045885,,Fruit,Temperate,Northern California,"36.743330,-121.736454",Monterrey

74,a,9/28,2.1,4.3,6.9,9.5,12.1,13.5,16.5,,,,,,,,2.385714286,0.9816943398,,Fruit,Temperate,Northern California,"36.646695,-121.578872",Monterrey

74,b,9/28,1.9,3.9,5.8,7.7,9.6,10.1,11.2,,,,,,,,1.575,0.9508764909,,Fruit,Temperate,Northern California,"36.646695,-121.578872",Monterrey

74,c,9/28,2.4,4.8,7.6,10.4,13.2,13.2,13.3,,,,,,,,1.967857143,0.8891080383,,Fruit,Temperate,Northern California,"36.646695,-121.578872",Monterrey

75,a,9/28,2.4,4.8,6.0,7.2,8.5,9.6,12.0,,,,,,,,1.460714286,0.9682781064,,Fruit,Temperate,Northern California,"36.7423,-121.686912",Monterrey

75,c,9/28,2.5,5.0,6.3,7.6,9.0,9.5,10.6,,,,,,,,1.285714286,0.9397535968,,Fruit,Temperate,Northern California,"36.7423,-121.686912",Monterrey

76,a,9/28,2.4,4.9,6.5,8.2,9.9,10.6,12.0,,,,,,,,1.557142857,0.9576691734,,Fruit,Temperate,Northern California,"36.609264,-121.536049",Monterrey

76,b,9/28,2.3,4.7,6.4,8.1,9.8,12.2,17.0,,,,,,,,2.232142857,0.9569460337,,Fruit,Temperate,Northern California,"36.609264,-121.536049",Monterrey

76,c,9/28,2.4,4.8,6.7,8.6,10.5,11.8,14.5,,,,,,,,1.932142857,0.9797153157,,Fruit,Temperate,Northern California,"36.609264,-121.536049",Monterrey

77,a,9/28,1.0,2.1,5.0,7.9,10.8,12.5,16.0,,,,,,,,2.557142857,0.9815745314,,Fruit,Temperate,Northern California,"36.842913,-121.743354",Monterrey

77,c,9/28,3.0,6.0,7.7,9.5,11.3,14.0,19.4,,,,,,,,2.457142857,0.9522269535,,Fruit,Temperate,Northern California,"36.842913,-121.743354",Monterrey

78,a,9/28,2.1,4.2,6.9,9.7,12.5,15.0,20.2,,,,,,,,2.910714286,0.9775998001,,Fruit,Temperate,Northern California,"36.892636,-121.741109",Monterrey

78,b,9/28,3.2,6.4,8.3,10.2,12.2,13.8,17.1,,,,,,,,2.157142857,0.9749013326,,Fruit,Temperate,Northern California,"36.892636,-121.741109",Monterrey

78,c,9/28,0.7,1.5,3.8,6.1,8.4,9.1,10.5,,,,,,,,1.757142857,0.9645758724,,Fruit,Temperate,Northern California,"36.892636,-121.741109",Monterrey

79,a,9/28,2.2,4.4,6.1,7.9,9.7,10.8,13.2,,,,,,,,1.764285714,0.979494803,,Fruit,Temperate,Northern California,"36.688662,-121.581620",Monterrey

79,b,9/28,2.2,4.4,6.7,9.0,11.3,13.6,18.3,,,,,,,,2.546428571,0.9752976664,,Fruit,Temperate,Northern California,"36.688662,-121.581620",Monterrey

80,a,9/28,2.3,4.6,5.1,5.6,6.2,7.2,9.4,,,,,,,,0.9857142857,0.9145301135,,Fruit,Temperate,Northern California,"36.727454,-121.6834",Monterrey

80,c,9/28,3.1,6.3,7.9,9.5,11.1,12.1,14.2,,,,,,,,1.717857143,0.9568106085,,Fruit,Temperate,Northern California,"36.727454,-121.6834",Monterrey

81,a,9/28,3.7,7.5,9.6,13.1,16.4,22.3,24.1,,,,,,,,3.485714286,0.9946917658,,Fruit,Desert,Southern California,"33.966848, -117.384794",IE

81,b,9/28,2.7,5.5,9.2,15.8,16.7,17.4,18.9,,,,,,,,2.853571429,0.8721965695,,Fruit,Desert,Southern California,"33.966848, -117.384794",IE

81,c,9/28,2.4,4.9,10.2,15.6,21.0,23.6,29.0,,,,,,,,4.571428571,0.9806225443,,Fruit,Desert,Southern California,"33.966848, -117.384794",IE
